Accuracy (bp)	Accuracy (seq)	Adjusted Rand index (bp)	Adjusted Rand index (seq)	Average completeness (bp)	Average completeness (seq)	Average purity (bp)	Average purity (seq)	CAMI 1 average completeness (bp)	CAMI 1 average completeness (seq)	Completeness (bp)	Completeness (seq)	F1 score (bp)	F1 score (seq)	F1 score for sample (bp)	F1 score for sample (seq)	Misclassification rate (bp)	Misclassification rate (seq)	Percentage of binned bp	Percentage of binned sequences	Purity (bp)	Purity (seq)	Rand index (bp)	Rand index (seq)	Sample	Std error of average completeness (bp)	Std error of average completeness (seq)	Std error of average purity (bp)	Std error of average purity (seq)	Tool	UniFrac (bp)	UniFrac (seq)	avg_precision_bp_var	avg_recall_bp_var	binning type	rank
1.0	1.0	1.0	1.0	1.0	1.0	1.0	1.0	1.0	1.0	1.0	1.0	1.0	1.0	1.0	1.0	0.0	0.0	1.0	1.0	1.0	1.0	1.0	1.0	gsa	0.0	0.0	0.0	0.0	Gold standard			0.0	0.0	genome	NA
0.768151851621248	0.6274577919822136	0.753962226848339	0.654564302277914	0.9771236923588418	0.8884162319103944	0.8474810040669537	0.8121464719218109	0.7019196718384787	0.6465633011444857	0.976638171106306	0.9358021260334884	0.9076966309689184	0.8485710132512574	0.8599389149721676	0.7512203555740832	0.231848148378752	0.37254220801778637	1.0	1.0	0.768151851621248	0.6274577919822136	0.9845108855524292	0.9527576692811306	gsa	0.004591621734848166	0.01649532644692767	0.04090590275621109	0.041824551473852466	BB			0.0635851294514227	0.0009909005373287141	genome	NA
